InternalBPS,nama,email,alamat,kabupatenKotaId,kodeSatker,provinsiId,latitude,longitude
1,BPS KAB. SIMEULUE,bps1101@bps.go.id,-,1,1101,1,2.4517114,96.3774566
1,BPS KAB. ACEH SINGKIL,bps1102@bps.go.id,-,2,1102,1,2.2732113,97.813226
1,BPS KAB. ACEH SELATAN,bps1103@bps.go.id,-,3,1103,1,3.260106,97.189643
1,BPS KAB. ACEH TENGGARA,bps1104@bps.go.id,-,4,1104,1,3.4732392,97.8151078
1,BPS KAB. ACEH TIMUR,bps1105@bps.go.id,-,5,1105,1,4.9114668,97.8056172
1,BPS KAB. ACEH TENGAH,bps1106@bps.go.id,-,6,1106,1,4.6215483,96.8478454
1,BPS KAB. ACEH BARAT,bps1107@bps.go.id,-,7,1107,1,4.1570096,96.129388
1,BPS KAB. ACEH BESAR,bps1108@bps.go.id,-,8,1108,1,5.3028584,95.5966816
1,BPS KAB. PIDIE,bps1109@bps.go.id,-,9,1109,1,5.3667166,95.9578075
1,BPS KAB. BIREUEN,bps1110@bps.go.id,-,10,1110,1,5.2032789,96.6861017
1,BPS KAB. ACEH UTARA,bps1111@bps.go.id,-,11,1111,1,5.0746364,97.3056703
1,BPS KAB. ACEH BARAT DAYA,bps1112@bps.go.id,-,12,1112,1,3.7431189,96.847118
1,BPS KAB. GAYO LUES,bps1113@bps.go.id,-,13,1113,1,4.0017634,97.3306546
1,BPS KAB. ACEH TAMIANG,bps1114@bps.go.id,-,14,1114,1,4.3116096,98.0543253
1,BPS KAB. NAGAN RAYA,bps1115@bps.go.id,-,15,1115,1,4.1332039,96.3224182
1,BPS KAB. ACEH JAYA,bps1116@bps.go.id,-,16,1116,1,4.6176235,95.6154912
1,BPS KAB. BENER MERIAH,bps1117@bps.go.id,-,17,1117,1,4.7251967,96.822546
1,BPS KAB. PIDIE JAYA,bps1118@bps.go.id,-,18,1118,1,5.2262521,96.2443388
1,BPS KOTA BANDA ACEH,bps1171@bps.go.id,-,19,1171,1,5.5738961,95.3456937
1,BPS KOTA SABANG,bps1172@bps.go.id,-,20,1172,1,5.895631,95.316468
1,BPS KOTA LANGSA,bps1173@bps.go.id,-,21,1173,1,4.4748619,97.9563662
1,BPS KOTA LHOKSEUMAWE,bps1174@bps.go.id,-,22,1174,1,5.1804281,97.1467996
1,BPS KOTA SUBULUSSALAM,bps1175@bps.go.id,-,23,1175,1,2.6703289,97.9913967
1,BPS KAB. NIAS,bps1201@bps.go.id,-,24,1201,2,0.925046,97.7076171
1,BPS KAB. MANDAILING NATAL,bps1202@bps.go.id,-,25,1202,2,0.798993,99.5796508
1,BPS KAB. TAPANULI SELATAN,bps1203@bps.go.id,-,26,1203,2,1.4164286,99.2868907
1,BPS KAB. TAPANULI TENGAH,bps1204@bps.go.id,-,27,1204,2,1.6875564,98.8285708
1,BPS KAB. TAPANULI UTARA,bps1205@bps.go.id,-,28,1205,2,2.011716,98.9798453
1,BPS KAB. TOBA SAMOSIR,bps1206@bps.go.id,-,29,1206,2,2.5046828,98.8863591
1,BPS KAB. LABUHANBATU,bps1207@bps.go.id,-,30,1207,2,2.2129977,99.8446794
1,BPS KAB. ASAHAN,bps1208@bps.go.id,-,31,1208,2,2.9892966,99.622964
1,BPS KAB. SIMALUNGUN,bps1209@bps.go.id,-,32,1209,2,2.9662,99.1076189
1,BPS KAB. DAIRI,bps1210@bps.go.id,-,33,1210,2,2.7409366,98.3197137
1,BPS KAB. KARO,bps1211@bps.go.id,-,34,1211,2,3.1630236,98.509411
1,BPS KAB. DELI SERDANG,bps1212@bps.go.id,-,35,1212,2,3.54771,98.8681979
1,BPS KAB. LANGKAT,bps1213@bps.go.id,-,36,1213,2,3.7412598,98.4500948
1,BPS KAB. NIAS SELATAN,bps1214@bps.go.id,-,37,1214,2,0.5669721,97.8079561
1,BPS KAB. HUMBANG HASUNDUTAN,bps1215@bps.go.id,-,38,1215,2,2.2420594,98.7379725
1,BPS KAB. PAKPAK BHARAT,bps1216@bps.go.id,-,39,1216,2,2.543441,98.325923
1,BPS KAB. SAMOSIR,bps1217@bps.go.id,-,40,1217,2,2.6866405,98.7055323
1,BPS KAB. SERDANG BEDAGAI,bps1218@bps.go.id,-,41,1218,2,3.5084114,99.1067001
1,BPS KAB. BATU BARA,bps1219@bps.go.id,-,42,1219,2,3.1724198,99.4167792
1,BPS KAB. PADANG LAWAS UTARA,bps1220@bps.go.id,-,43,1220,2,1.4820364,99.6045214
1,BPS KAB. PADANG LAWAS,bps1221@bps.go.id,-,44,1221,2,1.2614161,99.6743642
1,BPS KAB. LABUHANBATU SELATAN,bps1222@bps.go.id,-,45,1222,2,1.8590096,100.040112
1,BPS KAB. LABUHANBATU UTARA,bps1223@bps.go.id,-,46,1223,2,2.5669858,99.6492469
1,BPS KAB. NIAS UTARA,bps1224@bps.go.id,-,47,1224,2,1.0542711,97.432759
1,BPS KAB. NIAS BARAT,bps1225@bps.go.id,-,48,1225,2,1.0468495,97.457437
1,BPS KOTA SIBOLGA,bps1271@bps.go.id,-,49,1271,2,1.7452726,98.7791199
1,BPS KOTA TANJUNG BALAI,bps1272@bps.go.id,-,50,1272,2,2.9494781,99.7784805
1,BPS KOTA PEMATANGSIANTAR,bps1273@bps.go.id,-,51,1273,2,2.9515437,99.0635028
1,BPS KOTA TEBING TINGGI,bps1274@bps.go.id,-,52,1274,2,3.3530658,99.1637434
1,BPS KOTA MEDAN,bps1275@bps.go.id,-,53,1275,2,3.6020207,98.6286697
1,BPS KOTA BINJAI,bps1276@bps.go.id,-,54,1276,2,3.6008281,98.4791212
1,BPS KOTA PADANG SIDEMPUAN,bps1277@bps.go.id,-,55,1277,2,1.373906,99.2965093
1,BPS KOTA GUNUNGSITOLI,bps1278@bps.go.id,-,56,1278,2,1.2799296,97.609921
1,BPS KAB. KEPULAUAN MENTAWAI,bps1301@bps.go.id,-,57,1301,3,-2.0793512,99.6052824
1,BPS KAB. PESISIR SELATAN,bps1302@bps.go.id,-,58,1302,3,-1.3480407,100.5817836
1,BPS KAB. SOLOK,bps1303@bps.go.id,-,59,1303,3,-0.8603059,100.632539
1,BPS KAB. SIJUNJUNG,bps1304@bps.go.id,-,60,1304,3,-0.6749428,100.9603896
1,BPS KAB. TANAH DATAR,bps1305@bps.go.id,-,61,1305,3,-0.4629901,100.5832055
1,BPS KAB. PADANG PARIAMAN,bps1306@bps.go.id,-,62,1306,3,-0.6246648,100.2775282
1,BPS KAB. AGAM,bps1307@bps.go.id,-,63,1307,3,-0.3138181,100.0325914
1,BPS KAB. LIMA PULUH KOTA,bps1308@bps.go.id,-,64,1308,3,-0.1621068,100.6604135
1,BPS KAB. PASAMAN,bps1309@bps.go.id,-,65,1309,3,0.1377484,100.1670422
1,BPS KAB. SOLOK SELATAN,bps1310@bps.go.id,-,66,1310,3,-1.5558524,101.2467391
1,BPS KAB. DHARMASRAYA,bps1311@bps.go.id,-,67,1311,3,-0.9864225,101.5409449
1,BPS KAB. PASAMAN BARAT,bps1312@bps.go.id,-,68,1312,3,0.1236214,99.8554659
1,BPS KOTA PADANG,bps1371@bps.go.id,-,69,1371,3,-0.9146636,100.3883924
1,BPS KOTA SOLOK,bps1372@bps.go.id,-,70,1372,3,-0.8603059,100.632539
1,BPS KOTA SAWAHLUNTO,bps1373@bps.go.id,-,71,1373,3,-0.6842698,100.7796035
1,BPS KOTA PADANG PANJANG,bps1374@bps.go.id,-,72,1374,3,-0.4660222,100.3833234
1,BPS KOTA BUKITTINGGI,bps1375@bps.go.id,-,73,1375,3,-0.3152697,100.3696328
1,BPS KOTA PAYAKUMBUH,bps1376@bps.go.id,-,74,1376,3,-0.2430483,100.612629
1,BPS KOTA PARIAMAN,bps1377@bps.go.id,-,75,1377,3,-0.626565,100.2061489
1,BPS KAB. KUANTAN SINGINGI,bps1401@bps.go.id,-,76,1401,4,-0.5137768,101.5347366
1,BPS KAB. INDRAGIRI HULU,bps1402@bps.go.id,-,77,1402,4,-0.3873331,102.4367008
1,BPS KAB. INDRAGIRI HILIR,bps1403@bps.go.id,-,78,1403,4,-0.3219294,103.1637672
1,BPS KAB.  PELALAWAN,bps1404@bps.go.id,-,79,1404,4,0.39678,101.8438796
1,BPS KAB. SIAK,bps1405@bps.go.id,-,80,1405,4,0.816145,102.0222786
1,BPS KAB. KAMPAR,bps1406@bps.go.id,-,81,1406,4,0.3317594,101.0179239
1,BPS KAB.  ROKAN HULU,bps1407@bps.go.id,-,82,1407,4,0.8900821,100.3031953
1,BPS KAB. BENGKALIS,bps1408@bps.go.id,-,83,1408,4,1.4741553,102.1236185
1,BPS KAB.  ROKAN HILIR,bps1409@bps.go.id,-,84,1409,4,2.1023096,100.8336648
1,BPS KAB. KEPULAUAN MERANTI,bps1410@bps.go.id,-,85,1410,4,1.00275,102.7314987
1,BPS KOTA PEKANBARU,bps1471@bps.go.id,-,86,1471,4,0.4934581,101.4511045
1,BPS KOTA DUMAI,bps1473@bps.go.id,-,87,1473,4,1.6010737,101.3907239
1,BPS KAB.  KERINCI,bps1501@bps.go.id,-,88,1501,5,-1.9545123,101.3407671
1,BPS KAB.  MERANGIN,bps1502@bps.go.id,-,89,1502,5,-2.0769856,102.2763322
1,BPS KAB. SAROLANGUN,bps1503@bps.go.id,-,90,1503,5,-2.3093812,102.7489381
1,BPS KAB. BATANGHARI,bps1504@bps.go.id,-,91,1504,5,-1.712742,103.2613082
1,BPS KAB.  MUARO JAMBI,bps1505@bps.go.id,-,92,1505,5,-1.4641652,103.5107826
1,BPS KAB. TANJUNG JABUNG TIMUR,bps1506@bps.go.id,-,93,1506,5,-1.2120428,103.7940645
1,BPS KAB. TANJUNG JABUNG BARAT,bps1507@bps.go.id,-,94,1507,5,-0.8424089,103.4380653
1,BPS KAB. TEBO,bps1508@bps.go.id,-,95,1508,5,-1.4684193,102.3557128
1,BPS KAB. BUNGO,bps1509@bps.go.id,-,96,1509,5,-1.5156204,102.1234035
1,BPS KOTA JAMBI,bps1571@bps.go.id,-,97,1571,5,-1.6182514,103.5959987
1,BPS KOTA SUNGAI PENUH,bps1572@bps.go.id,-,98,1572,5,-2.0578286,101.3878467
1,BPS KAB. OGAN KOMERING ULU,bps1601@bps.go.id,-,99,1601,6,-4.3420326,104.1962384
1,BPS KAB. OGAN KOMERING ILIR,bps1602@bps.go.id,-,100,1602,6,-3.4088307,104.8236142
1,BPS KAB. MUARA ENIM,bps1603@bps.go.id,-,101,1603,6,-3.6610532,103.7699873
1,BPS KAB. LAHAT,bps1604@bps.go.id,-,102,1604,6,-3.780424,103.551108
1,BPS KAB. MUSI RAWAS,bps1605@bps.go.id,-,103,1605,6,-3.2348302,103.0115801
1,BPS KAB. MUSI BANYUASIN,bps1606@bps.go.id,-,104,1606,6,-2.8959208,103.8540152
1,BPS KAB. BANYUASIN,bps1607@bps.go.id,-,105,1607,6,-2.9127562,104.4043039
1,BPS KAB. OGAN KOMERING ULU,bps1608@bps.go.id,-,106,1608,6,-4.3420326,104.1962384
1,BPS KAB. OGAN KOMERING ULU,bps1609@bps.go.id,-,107,1609,6,-4.3401174,104.3455194
1,BPS KAB. OGAN ILIR,bps1610@bps.go.id,-,108,1610,6,-3.306715,104.738345
1,BPS KAB. EMPAT LAWANG,bps1611@bps.go.id,-,109,1611,6,-3.608675,103.1090733
1,BPS KAB. PENUKAL ABAB LEMATANG,bps1612@bps.go.id,-,110,1612,6,-3.7207222,103.660573
1,BPS KAB. MUSI RAWAS UTARA,bps1613@bps.go.id,-,111,1613,6,-3.2348302,103.0115801
1,BPS KOTA PALEMBANG,bps1671@bps.go.id,-,112,1671,6,-2.983146,104.7518908
1,BPS KOTA PRABUMULIH,bps1672@bps.go.id,-,113,1672,6,-3.368032,104.3067762
1,BPS KOTA PAGAR ALAM,bps1673@bps.go.id,-,114,1673,6,-4.0440109,103.1985623
1,BPS KOTA LUBUK LINGGAU,bps1674@bps.go.id,-,115,1674,6,-3.3128356,102.8391857
1,BPS KAB. BENGKULU SELATAN,bps1701@bps.go.id,-,116,1701,7,-4.4543354,102.9077017
1,BPS KAB. REJANG LEBONG,bps1702@bps.go.id,-,117,1702,7,-3.4780868,102.5291964
1,BPS KAB. BENGKULU UTARA,bps1703@bps.go.id,-,118,1703,7,-3.4384775,102.1955005
1,BPS KAB. KAUR,bps1704@bps.go.id,-,119,1704,7,-4.7639945,103.351563
1,BPS KAB. SELUMA,bps1705@bps.go.id,-,120,1705,7,-4.0885072,102.5567377
1,BPS KAB. MUKO MUKO,bps1706@bps.go.id,-,121,1706,7,-2.54874,101.1070272
1,BPS KAB. LEBONG,bps1707@bps.go.id,-,122,1707,7,-3.1567575,102.1650906
1,BPS KAB. KEPAHIANG,bps1708@bps.go.id,-,123,1708,7,-3.6249962,102.5525249
1,BPS KAB. BENGKULU TENGAH,bps1709@bps.go.id,-,124,1709,7,-3.726578,102.4588088
1,BPS KOTA BENGKULU,bps1771@bps.go.id,-,125,1771,7,-3.8029982,102.3112476
1,BPS KAB. LAMPUNG BARAT,bps1801@bps.go.id,-,126,1801,8,-5.020078,104.0586745
1,BPS KAB. TANGGAMUS,bps1802@bps.go.id,-,127,1802,8,-5.5047925,104.6524438
1,BPS KAB. LAMPUNG SELATAN,bps1803@bps.go.id,-,128,1803,8,-5.7140712,105.5840538
1,BPS KAB. LAMPUNG TIMUR,bps1804@bps.go.id,-,129,1804,8,-5.0481856,105.5278603
1,BPS KAB. LAMPUNG TENGAH,bps1805@bps.go.id,-,130,1805,8,-4.9809474,105.2101569
1,BPS KAB. LAMPUNG UTARA,bps1806@bps.go.id,-,131,1806,8,-4.8373197,104.8949082
1,BPS KAB. WAY KANAN,bps1807@bps.go.id,-,132,1807,8,-4.5150408,104.5100372
1,BPS KAB. TULANG BAWANG,bps1808@bps.go.id,-,133,1808,8,-4.492924,105.2364718
1,BPS KAB. PESAWARAN,bps1809@bps.go.id,-,134,1809,8,-5.3757292,105.086679
1,BPS KAB. PRINGSEWU,bps1810@bps.go.id,-,135,1810,8,-5.3712926,105.0495064
1,BPS KAB. MESUJI,bps1811@bps.go.id,-,136,1811,8,-4.0104264,105.2041404
1,BPS KAB. TULANG BAWANG BARAT,bps1812@bps.go.id,-,137,1812,8,-4.5544236,105.0985529
1,BPS KAB. PESISIR BARAT,bps1813@bps.go.id,-,138,1813,8,-3.5702238,102.5468723
1,BPS KOTA BANDAR LAMPUNG,bps1871@bps.go.id,-,139,1871,8,-5.4340061,105.2640841
1,BPS KOTA METRO,bps1872@bps.go.id,-,140,1872,8,-5.1279011,105.3074527
1,BPS KAB. BANGKA,bps1901@bps.go.id,-,141,1901,9,-2.0215814,106.1342511
1,BPS KAB. BELITUNG,bps1902@bps.go.id,-,142,1902,9,-2.815297,107.9490814
1,BPS KAB. BANGKA BARAT,bps1903@bps.go.id,-,143,1903,9,-2.0546717,105.2043991
1,BPS KAB. BANGKA TENGAH,bps1904@bps.go.id,-,144,1904,9,-2.518743,106.4180374
1,BPS KAB. BANGKA SELATAN,bps1905@bps.go.id,-,145,1905,9,-3.024499,106.5060206
1,BPS KAB. BELITUNG TIMUR,bps1906@bps.go.id,-,146,1906,9,-2.8852645,108.2412261
1,BPS KOTA PANGKAL PINANG,bps1971@bps.go.id,-,147,1971,9,-2.1302225,106.1420164
1,BPS KAB. KARIMUN,bps2101@bps.go.id,-,148,2101,10,1.03141,103.3754092
1,BPS KAB. BINTAN,bps2102@bps.go.id,-,149,2102,10,0.9966499,104.5128781
1,BPS KAB. NATUNA,bps2103@bps.go.id,-,150,2103,10,3.9334791,108.3635747
1,BPS KAB. LINGGA,bps2104@bps.go.id,-,151,2104,10,-0.2094936,104.6022262
1,BPS KAB. KEPULAUAN ANAMBAS,bps2105@bps.go.id,-,152,2105,10,3.1942996,106.2228598
1,BPS KOTA BATAM,bps2171@bps.go.id,-,153,2171,10,1.1095164,104.080262
1,BPS KOTA TANJUNG PINANG,bps2172@bps.go.id,-,154,2172,10,-6.2257878,106.8768418
1,BPS KAB. ADM. KEP. SERIBU,bps3101@bps.go.id,-,155,3101,11,-6.1736978,106.869857
1,BPS KOTA ADM. JAKARTA SELATAN,bps3171@bps.go.id,-,156,3171,11,-6.2727477,106.8253016
1,BPS KOTA ADM. JAKARTA TIMUR,bps3172@bps.go.id,-,157,3172,11,-6.2089898,106.9152663
1,BPS KOTA ADM. JAKARTA PUSAT,bps3173@bps.go.id,-,158,3173,11,-6.17923,106.8536042
1,BPS KOTA ADM. JAKARTA BARAT,bps3174@bps.go.id,-,159,3174,11,-6.2171506,106.776983
1,BPS KOTA ADM. JAKARTA UTARA,bps3175@bps.go.id,-,160,3175,11,-6.1238945,106.8946839
1,BPS KAB. BOGOR,bps3201@bps.go.id,-,161,3201,12,-6.5455856,106.8091655
1,BPS KAB. SUKABUMI,bps3202@bps.go.id,-,162,3202,12,-6.9025172,106.8728653
1,BPS KAB. CIANJUR,bps3203@bps.go.id,-,163,3203,12,-6.8488033,107.1325468
1,BPS KAB. BANDUNG,bps3204@bps.go.id,-,164,3204,12,-7.0200574,107.5267618
1,BPS KAB. GARUT,bps3205@bps.go.id,-,165,3205,12,-7.2040418,107.8871946
1,BPS KAB. TASIKMALAYA,bps3206@bps.go.id,-,166,3206,12,-7.3238435,108.1693512
1,BPS KAB. CIAMIS,bps3207@bps.go.id,-,167,3207,12,-7.3287378,108.3677003
1,BPS KAB. KUNINGAN,bps3208@bps.go.id,-,168,3208,12,-6.9701021,108.4946764
1,BPS KAB. CIREBON,bps3209@bps.go.id,-,169,3209,12,-6.7628582,108.4770775
1,BPS KAB. MAJALENGKA,bps3210@bps.go.id,-,170,3210,12,-6.8372753,108.2398407
1,BPS KAB. SUMEDANG,bps3211@bps.go.id,-,171,3211,12,-6.8333533,107.9180651
1,BPS KAB. INDRAMAYU,bps3212@bps.go.id,-,172,3212,12,-6.339988,108.3370016
1,BPS KAB. SUBANG,bps3213@bps.go.id,-,173,3213,12,-6.5540845,107.7636453
1,BPS KAB. PURWAKARTA,bps3214@bps.go.id,-,174,3214,12,-6.531412,107.4393197
1,BPS KAB. KARAWANG,bps3215@bps.go.id,-,175,3215,12,-6.3025629,107.3010354
1,BPS KAB. BEKASI,bps3216@bps.go.id,-,176,3216,12,-6.3676718,107.172353
1,BPS KAB. BANDUNG BARAT,bps3217@bps.go.id,-,177,3217,12,-6.8377801,107.4737545
1,BPS KAB. PANGANDARAN,bps3218@bps.go.id,-,178,3218,12,-7.6787548,108.6386523
1,BPS KOTA BOGOR,bps3271@bps.go.id,-,179,3271,12,-6.595832,106.797832
1,BPS KOTA SUKABUMI,bps3272@bps.go.id,-,180,3272,12,-6.9101205,106.9359287
1,BPS KOTA BANDUNG,bps3273@bps.go.id,-,181,3273,12,-6.9112129,107.6328092
1,BPS KOTA CIREBON,bps3274@bps.go.id,-,182,3274,12,-6.7524111,108.5092592
1,BPS KOTA BEKASI,bps3275@bps.go.id,-,183,3275,12,-6.2376051,106.9851596
1,BPS KOTA DEPOK,bps3276@bps.go.id,-,184,3276,12,-6.4236726,106.827548
1,BPS KOTA CIMAHI,bps3277@bps.go.id,-,185,3277,12,-6.8608347,107.5462688
1,BPS KOTA TASIKMALAYA,bps3278@bps.go.id,-,186,3278,12,-7.3022858,108.1982386
1,BPS KOTA BANJAR,bps3279@bps.go.id,-,187,3279,12,-7.3711556,108.5077156
1,BPS KAB. CILACAP,bps3301@bps.go.id,-,188,3301,13,-7.7221356,109.0178493
1,BPS KAB. BANYUMAS,bps3302@bps.go.id,-,189,3302,13,-7.419025,109.2479303
1,BPS KAB. PURBALINGGA,bps3303@bps.go.id,-,190,3303,13,-7.3985588,109.374172
1,BPS KAB. BANJARNEGARA,bps3304@bps.go.id,-,191,3304,13,-7.3909223,109.6874407
1,BPS KAB. KEBUMEN,bps3305@bps.go.id,-,192,3305,13,-7.6681475,109.6691055
1,BPS KAB. PURWOREJO,bps3306@bps.go.id,-,193,3306,13,-7.7212006,109.9965961
1,BPS KAB. WONOSOBO,bps3307@bps.go.id,-,194,3307,13,-7.365224,109.9183966
1,BPS KAB. MAGELANG,bps3308@bps.go.id,-,195,3308,13,-7.543298,110.2153649
1,BPS KAB. BOYOLALI,bps3309@bps.go.id,-,196,3309,13,-7.5383139,110.6249196
1,BPS KAB. KLATEN,bps3310@bps.go.id,-,197,3310,13,-7.709273,110.5917585
1,BPS KAB. SUKOHARJO,bps3311@bps.go.id,-,198,3311,13,-7.6469886,110.8333088
1,BPS KAB. WONOGIRI,bps3312@bps.go.id,-,199,3312,13,-7.8176778,110.9241023
1,BPS KAB. KARANGANYAR,bps3313@bps.go.id,-,200,3313,13,-7.5961116,110.9409412
1,BPS KAB. SRAGEN,bps3314@bps.go.id,-,201,3314,13,-7.4190501,111.0169523
1,BPS KAB. GROBOGAN,bps3315@bps.go.id,-,202,3315,13,-7.0796586,110.9167795
1,BPS KAB. BLORA,bps3316@bps.go.id,-,203,3316,13,-6.9689305,111.4249539
1,BPS KAB. REMBANG,bps3317@bps.go.id,-,204,3317,13,-6.7153865,111.3418921
1,BPS KAB. PATI,bps3318@bps.go.id,-,205,3318,13,-6.7640904,111.0114152
1,BPS KAB. KUDUS,bps3319@bps.go.id,-,206,3319,13,-6.8151137,110.8602305
1,BPS KAB. JEPARA,bps3320@bps.go.id,-,207,3320,13,-6.6004219,110.6632625
1,BPS KAB. DEMAK,bps3321@bps.go.id,-,208,3321,13,-6.8894098,110.6307101
1,BPS KAB. SEMARANG,bps3322@bps.go.id,-,209,3322,13,-7.129275,110.4099572
1,BPS KAB. TEMANGGUNG,bps3323@bps.go.id,-,210,3323,13,-7.3314527,110.2011014
1,BPS KAB. KENDAL,bps3324@bps.go.id,-,211,3324,13,-6.9207475,110.1803059
1,BPS KAB. BATANG,bps3325@bps.go.id,-,212,3325,13,-6.9252678,109.7266524
1,BPS KAB. PEKALONGAN,bps3326@bps.go.id,-,213,3326,13,-6.9595584,109.6280594
1,BPS KAB. PEMALANG,bps3327@bps.go.id,-,214,3327,13,-6.907836,109.3887028
1,BPS KAB. TEGAL,bps3328@bps.go.id,-,215,3328,13,-6.9371719,109.1358226
1,BPS KAB. BREBES,bps3329@bps.go.id,-,216,3329,13,-6.8782538,109.0449227
1,BPS KOTA MAGELANG,bps3371@bps.go.id,-,217,3371,13,-7.4960833,110.2110289
1,BPS KOTA SURAKARTA,bps3372@bps.go.id,-,218,3372,13,-7.5620554,110.826942
1,BPS KOTA SALATIGA,bps3373@bps.go.id,-,219,3373,13,-7.3324867,110.492802
1,BPS KOTA SEMARANG,bps3374@bps.go.id,-,220,3374,13,-7.0566076,110.4160407
1,BPS KOTA PEKALONGAN,bps3375@bps.go.id,-,221,3375,13,-6.8944912,109.6632264
1,BPS KOTA TEGAL,bps3376@bps.go.id,-,222,3376,13,-6.9371719,109.1358226
1,BPS KAB. KULON PROGO,bps3401@bps.go.id,-,223,3401,14,-7.8602069,110.1764291
1,BPS KAB. BANTUL,bps3402@bps.go.id,-,224,3402,14,-7.8901132,110.3242041
1,BPS KAB. GUNUNGKIDUL,bps3403@bps.go.id,-,225,3403,14,-7.9700145,110.610752
1,BPS KAB. SLEMAN,bps3404@bps.go.id,-,226,3404,14,-7.714658,110.3407678
1,BPS KOTA YOGYAKARTA,bps3471@bps.go.id,-,227,3471,14,-7.8094519,110.369709
1,BPS KAB. PACITAN,bps3501@bps.go.id,-,228,3501,15,-8.1960814,111.1040443
1,BPS KAB. PONOROGO,bps3502@bps.go.id,-,229,3502,15,-7.8642599,111.4932643
1,BPS KAB. TRENGGALEK,bps3503@bps.go.id,-,230,3503,15,-8.0585302,111.7173107
1,BPS KAB. TULUNGAGUNG,bps3504@bps.go.id,-,231,3504,15,-8.0659953,111.8753377
1,BPS KAB. BLITAR,bps3505@bps.go.id,-,232,3505,15,-8.1025672,112.1743417
1,BPS KAB. KEDIRI,bps3506@bps.go.id,-,233,3506,15,-7.8122678,112.0215358
1,BPS KAB. MALANG,bps3507@bps.go.id,-,234,3507,15,-8.0495409,112.6021488
1,BPS KAB. LUMAJANG,bps3508@bps.go.id,-,235,3508,15,-8.111204,113.2194791
1,BPS KAB. JEMBER,bps3509@bps.go.id,-,236,3509,15,-8.1551308,113.6946123
1,BPS KAB. BANYUWANGI,bps3510@bps.go.id,-,237,3510,15,-8.2235316,114.3562512
1,BPS KAB. BONDOWOSO,bps3511@bps.go.id,-,238,3511,15,-7.9299249,113.8165723
1,BPS KAB. SITUBONDO,bps3512@bps.go.id,-,239,3512,15,-7.7088469,113.9760263
1,BPS KAB. PROBOLINGGO,bps3513@bps.go.id,-,240,3513,15,-7.7691212,113.2031694
1,BPS KAB. PASURUAN,bps3514@bps.go.id,-,241,3514,15,-7.6589015,112.9042461
1,BPS KAB. SIDOARJO,bps3515@bps.go.id,-,242,3515,15,-7.4483396,112.7039002
1,BPS KAB. MOJOKERTO,bps3516@bps.go.id,-,243,3516,15,-7.5000116,112.4320711
1,BPS KAB. JOMBANG,bps3517@bps.go.id,-,244,3517,15,-7.5489099,112.2417922
1,BPS KAB. NGANJUK,bps3518@bps.go.id,-,245,3518,15,-7.6117327,111.9053258
1,BPS KAB. MADIUN,bps3519@bps.go.id,-,246,3519,15,-7.6404778,111.5114424
1,BPS KAB. MAGETAN,bps3520@bps.go.id,-,247,3520,15,-7.6395265,111.3289851
1,BPS KAB. NGAWI,bps3521@bps.go.id,-,248,3521,15,-7.4053809,111.4406743
1,BPS KAB. BOJONEGORO,bps3522@bps.go.id,-,249,3522,15,-7.1483354,111.8935941
1,BPS KAB. TUBAN,bps3523@bps.go.id,-,250,3523,15,-6.8996539,112.0792308
1,BPS KAB. LAMONGAN,bps3524@bps.go.id,-,251,3524,15,-7.1280759,112.4217262
1,BPS KAB. GRESIK,bps3525@bps.go.id,-,252,3525,15,-7.1678947,112.6181281
1,BPS KAB. BANGKALAN,bps3526@bps.go.id,-,253,3526,15,-7.0496575,112.7405965
1,BPS KAB. SAMPANG,bps3527@bps.go.id,-,254,3527,15,-7.1876482,113.2416697
1,BPS KAB. PAMEKASAN,bps3528@bps.go.id,-,255,3528,15,-7.1576582,113.4960746
1,BPS KAB. SUMENEP,bps3529@bps.go.id,-,256,3529,15,-7.0137408,113.8648152
1,BPS KOTA KEDIRI,bps3571@bps.go.id,-,257,3571,15,-7.8122678,112.0215358
1,BPS KOTA BLITAR,bps3572@bps.go.id,-,258,3572,15,-8.1025672,112.1743417
1,BPS KOTA MALANG,bps3573@bps.go.id,-,259,3573,15,-8.0013803,112.6211628
1,BPS KOTA PROBOLINGGO,bps3574@bps.go.id,-,260,3574,15,-7.7691212,113.2031694
1,BPS KOTA PASURUAN,bps3575@bps.go.id,-,261,3575,15,-7.6589015,112.9042461
1,BPS KOTA MOJOKERTO,bps3576@bps.go.id,-,262,3576,15,-7.5000116,112.4320711
1,BPS KOTA MADIUN,bps3577@bps.go.id,-,263,3577,15,-7.6404778,111.5114424
1,BPS KOTA SURABAYA,bps3578@bps.go.id,-,264,3578,15,-7.3286288,112.7371342
1,BPS KOTA BATU,bps3579@bps.go.id,-,265,3579,15,-7.8668312,112.5073735
1,BPS KAB. PANDEGLANG,bps3601@bps.go.id,-,266,3601,16,-6.3542586,105.9547586
1,BPS KAB. LEBAK,bps3602@bps.go.id,-,267,3602,16,-6.360387,106.2683743
1,BPS KAB. TANGERANG,bps3603@bps.go.id,-,268,3603,16,-6.217613,106.5479128
1,BPS KAB. SERANG,bps3604@bps.go.id,-,269,3604,16,-6.1429255,106.1940712
1,BPS KOTA TANGERANG,bps3671@bps.go.id,-,270,3671,16,-6.1741927,106.6179762
1,BPS KOTA CILEGON,bps3672@bps.go.id,-,271,3672,16,-6.0339729,106.0474936
1,BPS KOTA SERANG,bps3673@bps.go.id,-,272,3673,16,-6.1429255,106.1940712
1,BPS KOTA TANGERANG SELATAN,bps3674@bps.go.id,-,273,3674,16,-6.3386399,106.6724561
1,BPS KAB. JEMBRANA,bps5101@bps.go.id,-,274,5101,17,-8.355525,114.636183
1,BPS KAB. TABANAN,bps5102@bps.go.id,-,275,5102,17,-8.5406731,115.1347858
1,BPS KAB. BADUNG,bps5103@bps.go.id,-,276,5103,17,-8.5867804,115.2125343
1,BPS KAB. GIANYAR,bps5104@bps.go.id,-,277,5104,17,-8.5430071,115.3232492
1,BPS KAB. KLUNGKUNG,bps5105@bps.go.id,-,278,5105,17,-8.5234336,115.4022064
1,BPS KAB. BANGLI,bps5106@bps.go.id,-,279,5106,17,-8.462603,115.3539991
1,BPS KAB. KARANGASEM,bps5107@bps.go.id,-,280,5107,17,-8.4334498,115.6123838
1,BPS KAB. BULELENG,bps5108@bps.go.id,-,281,5108,17,-8.1151333,115.0868028
1,BPS KOTA DENPASAR,bps5171@bps.go.id,-,282,5171,17,-8.6544508,115.2289942
1,BPS KAB. LOMBOK BARAT,bps5201@bps.go.id,-,283,5201,18,-8.6515404,116.1107548
1,BPS KAB. LOMBOK TENGAH,bps5202@bps.go.id,-,284,5202,18,-8.7042447,116.2665384
1,BPS KAB. LOMBOK TIMUR,bps5203@bps.go.id,-,285,5203,18,-8.6492498,116.5350336
1,BPS KAB. SUMBAWA,bps5204@bps.go.id,-,286,5204,18,-8.4884874,117.4231583
1,BPS KAB. DOMPU,bps5205@bps.go.id,-,287,5205,18,-8.5370667,118.4635276
1,BPS KAB. BIMA,bps5206@bps.go.id,-,288,5206,18,-8.5144741,118.7249455
1,BPS KAB. SUMBAWA BARAT,bps5207@bps.go.id,-,289,5207,18,-8.774084,116.8251037
1,BPS KAB. LOMBOK UTARA,bps5208@bps.go.id,-,290,5208,18,-8.3216336,116.1953353
1,BPS KOTA MATARAM,bps5271@bps.go.id,-,291,5271,18,-8.5911824,116.0993651
1,BPS KOTA BIMA,bps5272@bps.go.id,-,292,5272,18,-8.5144741,118.7249455
1,BPS KAB. SUMBA BARAT,bps5301@bps.go.id,-,293,5301,19,-9.5310023,119.2937133
1,BPS KAB. SUMBA TIMUR,bps5302@bps.go.id,-,294,5302,19,-9.6509822,120.2628608
1,BPS KAB. KUPANG,bps5303@bps.go.id,-,295,5303,19,-10.1226279,123.7335644
1,BPS KAB TIMOR TENGAH SELATAN,bps5304@bps.go.id,-,296,5304,19,-9.8616074,124.2850543
1,BPS KAB. TIMOR TENGAH UTARA,bps5305@bps.go.id,-,297,5305,19,-9.4549315,124.4774111
1,BPS KAB. BELU,bps5306@bps.go.id,-,298,5306,19,-9.1024311,124.8824711
1,BPS KAB. ALOR,bps5307@bps.go.id,-,299,5307,19,-8.2199488,124.5414874
1,BPS KAB. LEMBATA,bps5308@bps.go.id,-,300,5308,19,-8.3576078,123.4597014
1,BPS KAB. FLORES TIMUR,bps5309@bps.go.id,-,301,5309,19,-8.331838,122.9972246
1,BPS KAB. SIKKA,bps5310@bps.go.id,-,302,5310,19,-8.625164,122.2111143
1,BPS KAB. ENDE,bps5311@bps.go.id,-,303,5311,19,-8.8396548,121.6603191
1,BPS KAB. NGADA,bps5312@bps.go.id,-,304,5312,19,-8.7861453,120.9833946
1,BPS KAB. MANGGARAI,bps5313@bps.go.id,-,305,5313,19,-8.6143452,120.4551107
1,BPS KAB. ROTE NDAO,bps5314@bps.go.id,-,306,5314,19,-10.7571344,123.0604324
1,BPS KAB. MANGGARAI BARAT,bps5315@bps.go.id,-,307,5315,19,-8.4794468,119.8900976
1,BPS KAB. SUMBA TENGAH,bps5316@bps.go.id,-,308,5316,19,-9.5938025,119.6579324
1,BPS KAB. SUMBA BARAT DAYA,bps5317@bps.go.id,-,309,5317,19,-9.4126396,119.1979076
1,BPS KAB. NAGEKEO,bps5318@bps.go.id,-,310,5318,19,-8.5743431,121.2815464
1,BPS KAB. MANGGARAI TIMUR,bps5319@bps.go.id,-,311,5319,19,-8.7734975,120.6214141
1,BPS KAB. SABU RAIJUA,bps5320@bps.go.id,-,312,5320,19,-10.6240854,121.638781
1,BPS KAB. MALAKA,bps5321@bps.go.id,-,313,5321,19,-9.1024311,124.8824711
1,BPS KOTA KUPANG,bps5371@bps.go.id,-,314,5371,19,-10.1226279,123.7335644
1,BPS KAB. SAMBAS,bps6101@bps.go.id,-,315,6101,20,1.3552455,109.3301439
1,BPS KAB. BENGKAYANG,bps6102@bps.go.id,-,316,6102,20,0.8688077,109.5076686
1,BPS KAB. LANDAK,bps6103@bps.go.id,-,317,6103,20,0.3940369,109.9454933
1,BPS KAB. MEMPAWAH,bps6104@bps.go.id,-,318,6104,20,0.3631556,108.9565079
1,BPS KAB. SANGGAU,bps6105@bps.go.id,-,319,6105,20,0.1244702,110.5887688
1,BPS KAB. KETAPANG,bps6106@bps.go.id,-,320,6106,20,-1.8379222,109.9779968
1,BPS KAB. SINTANG,bps6107@bps.go.id,-,321,6107,20,0.063602,111.4978838
1,BPS KAB. KAPUAS HULU,bps6108@bps.go.id,-,322,6108,20,0.8785858,112.9241334
1,BPS KAB. SEKADAU,bps6109@bps.go.id,-,323,6109,20,0.0112941,110.9550044
1,BPS KAB. MELAWI,bps6110@bps.go.id,-,324,6110,20,-0.3555437,111.7557754
1,BPS KAB. KAYONG UTARA,bps6111@bps.go.id,-,325,6111,20,-1.2344173,109.9578214
1,BPS KAB. KUBU RAYA,bps6112@bps.go.id,-,326,6112,20,-0.13793,109.408283
1,BPS KOTA PONTIANAK,bps6171@bps.go.id,-,327,6171,20,-0.0472484,109.3294497
1,BPS KOTA SINGKAWANG,bps6172@bps.go.id,-,328,6172,20,0.9122576,108.9856826
1,BPS KAB. KOTAWARINGIN BARAT,bps6201@bps.go.id,-,329,6201,21,-2.6856611,111.6319158
1,BPS KAB. KOTAWARINGIN TIMUR,bps6202@bps.go.id,-,330,6202,21,-2.5391935,112.951269
1,BPS KAB. KAPUAS,bps6203@bps.go.id,-,331,6203,21,-3.0145357,114.3855042
1,BPS KAB. BARITO SELATAN,bps6204@bps.go.id,-,332,6204,21,-1.7245036,114.8304564
1,BPS KAB. BARITO UTARA,bps6205@bps.go.id,-,333,6205,21,-0.9491167,114.8990633
1,BPS KAB. SUKAMARA,bps6206@bps.go.id,-,334,6206,21,-2.7573302,111.1936764
1,BPS KAB. LAMANDAU,bps6207@bps.go.id,-,335,6207,21,-2.1881263,111.4325096
1,BPS KAB. SERUYAN,bps6208@bps.go.id,-,336,6208,21,-3.41346,112.538748
1,BPS KAB. KATINGAN,bps6209@bps.go.id,-,337,6209,21,-1.8735722,113.415786
1,BPS KAB. PULANG PISAU,bps6210@bps.go.id,-,338,6210,21,-2.7959434,114.2586462
1,BPS KAB. GUNUNG MAS,bps6211@bps.go.id,-,339,6211,21,-1.1182489,113.8476201
1,BPS KAB. BARITO TIMUR,bps6212@bps.go.id,-,340,6212,21,-2.114892,115.1644702
1,BPS KAB. MURUNG RAYA,bps6213@bps.go.id,-,341,6213,21,-0.6385011,114.5700099
1,BPS KOTA PALANGKARAYA,bps6271@bps.go.id,-,342,6271,21,-2.2090494,113.9218328
1,BPS KAB. TANAH LAUT,bps6301@bps.go.id,-,343,6301,22,-3.5592658,114.6877039
1,BPS KAB. KOTABARU,bps6302@bps.go.id,-,344,6302,22,-3.2480265,116.2211949
1,BPS KAB. BANJAR,bps6303@bps.go.id,-,345,6303,22,-3.411236,114.848975
1,BPS KAB. BARITO KUALA,bps6304@bps.go.id,-,346,6304,22,-2.9830621,114.7375184
1,BPS KAB. TAPIN,bps6305@bps.go.id,-,347,6305,22,-2.933137,115.1537827
1,BPS KAB. HULU SUNGAI SELATAN,bps6306@bps.go.id,-,348,6306,22,-2.7804358,115.2681458
1,BPS KAB. HULU SUNGAI TENGAH,bps6307@bps.go.id,-,349,6307,22,-2.5879136,115.375573
1,BPS KAB. HULU SUNGAI UTARA,bps6308@bps.go.id,-,350,6308,22,-2.41912,115.2465513
1,BPS KAB. TABALONG,bps6309@bps.go.id,-,351,6309,22,-2.1604177,115.3834895
1,BPS KAB. TANAH BUMBU,bps6310@bps.go.id,-,352,6310,22,-3.4812702,115.9565436
1,BPS KAB. BALANGAN,bps6311@bps.go.id,-,353,6311,22,-2.3506727,115.4683502
1,BPS KOTA BANJARMASIN,bps6371@bps.go.id,-,354,6371,22,-3.3200695,114.597784
1,BPS KOTA BANJARBARU,bps6372@bps.go.id,-,355,6372,22,-3.4489263,114.8242712
1,BPS KAB. PASER,bps6401@bps.go.id,-,356,6401,23,-1.9106608,116.1894356
1,BPS KAB. KUTAI BARAT,bps6402@bps.go.id,-,357,6402,23,-0.2447434,115.7051362
1,BPS KAB. KUTAI KARTANEGARA,bps6403@bps.go.id,-,358,6403,23,-0.422909,116.9850181
1,BPS KAB. KUTAI TIMUR,bps6404@bps.go.id,-,359,6404,23,0.5152759,117.6016662
1,BPS KAB. BERAU,bps6405@bps.go.id,-,360,6405,23,2.1472375,117.5020469
1,BPS KAB. PENAJAM PASER UTARA,bps6409@bps.go.id,-,361,6409,23,-1.3095397,116.731697
1,BPS KAB. MAHAKAM ULU,bps6411@bps.go.id,-,362,6411,23,0.6403562,114.8285745
1,BPS KOTA BALIKPAPAN,bps6471@bps.go.id,-,363,6471,23,-1.2777006,116.8277485
1,BPS KOTA SAMARINDA,bps6472@bps.go.id,-,364,6472,23,-0.4872641,117.1591924
1,BPS KOTA BONTANG,bps6474@bps.go.id,-,365,6474,23,0.1382892,117.4983693
1,BPS KAB. MALINAU,bps6501@bps.go.id,-,366,6501,24,3.5597289,116.6175644
1,BPS KAB. BULUNGAN,bps6502@bps.go.id,-,367,6502,24,2.840316,117.3778639
1,BPS KAB. TANA TIDUNG,bps6503@bps.go.id,-,368,6503,24,3.6077992,116.904493
1,BPS KAB. NUNUKAN,bps6504@bps.go.id,-,369,6504,24,4.0910902,117.6993179
1,BPS KOTA TARAKAN,bps6571@bps.go.id,-,370,6571,24,3.314096,117.6066253
1,BPS KAB. BOLAANG MONGONDOW,bps7101@bps.go.id,-,371,7101,25,0.8789219,124.0453966
1,BPS KAB. MINAHASA,bps7102@bps.go.id,-,372,7102,25,1.3812278,124.9435424
1,BPS KAB. KEPULAUAN SANGIHE,bps7103@bps.go.id,-,373,7103,25,3.6013964,125.5107489
1,BPS KAB. KEPULAUAN TALAUD,bps7104@bps.go.id,-,374,7104,25,4.0074246,126.6864643
1,BPS KAB. MINAHASA SELATAN,bps7105@bps.go.id,-,375,7105,25,1.1862305,124.5079054
1,BPS KAB. MINAHASA UTARA,bps7106@bps.go.id,-,376,7106,25,1.4606992,124.973313
1,BPS KAB. BOLAANG MONGONDOW,bps7107@bps.go.id,-,377,7107,25,0.8932067,123.6747623
1,BPS KAB. KEP. SIAU TAGULANDANG,bps7108@bps.go.id,-,378,7108,25,2.741333,125.3669638
1,BPS KAB. MINAHASA TENGGARA,bps7109@bps.go.id,-,379,7109,25,1.3017565,124.9137719
1,BPS KAB. BOLAANG MONGONDOW,bps7110@bps.go.id,-,380,7110,25,0.8789219,124.0453966
1,BPS KAB. BOLAANG MONGONDOW,bps7111@bps.go.id,-,381,7111,25,0.8789219,124.0453966
1,BPS KOTA MANADO,bps7171@bps.go.id,-,382,7171,25,1.4588353,124.8502281
1,BPS KOTA BITUNG,bps7172@bps.go.id,-,383,7172,25,1.4347919,125.1179159
1,BPS KOTA TOMOHON,bps7173@bps.go.id,-,384,7173,25,1.3109691,124.822828
1,BPS KOTA KOTAMOBAGU,bps7174@bps.go.id,-,385,7174,25,0.7320567,124.3218611
1,BPS KAB. BANGGAI KEPULAUAN,bps7201@bps.go.id,-,386,7201,26,-1.3133027,123.2951262
1,BPS KAB. BANGGAI,bps7202@bps.go.id,-,387,7202,26,-1.1314952,123.0422823
1,BPS KAB. MOROWALI,bps7203@bps.go.id,-,388,7203,26,-2.4839519,121.9332979
1,BPS KAB. POSO,bps7204@bps.go.id,-,389,7204,26,-1.3992289,120.756081
1,BPS KAB. DONGGALA,bps7205@bps.go.id,-,390,7205,26,-0.6746875,119.7480465
1,BPS KAB. TOLI TOLI,bps7206@bps.go.id,-,391,7206,26,1.0446827,120.8223977
1,BPS KAB. BUOL,bps7207@bps.go.id,-,392,7207,26,1.1726195,121.4214386
1,BPS KAB. PARIGI MOUTONG,bps7208@bps.go.id,-,393,7208,26,-0.7969254,120.1593234
1,BPS KAB. TOJO UNA UNA,bps7209@bps.go.id,-,394,7209,26,-0.9161875,121.5848042
1,BPS KAB. SIGI,bps7210@bps.go.id,-,395,7210,26,-1.0480024,119.9503267
1,BPS KAB. BANGGAI LAUT,bps7211@bps.go.id,-,396,7211,26,-1.3133027,123.2951262
1,BPS KAB. MOROWALI UTARA,bps7212@bps.go.id,-,397,7212,26,-1.8833859,121.446943
1,BPS KOTA PALU,bps7271@bps.go.id,-,398,7271,26,-0.9052582,119.8908875
1,BPS KAB. KEPULAUAN SELAYAR,bps7301@bps.go.id,-,399,7301,27,-6.1189024,120.4579552
1,BPS KAB. BULUKUMBA,bps7302@bps.go.id,-,400,7302,27,-5.5485026,120.200695
1,BPS KAB. BANTAENG,bps7303@bps.go.id,-,401,7303,27,-5.5455598,119.951477
1,BPS KAB. JENEPONTO,bps7304@bps.go.id,-,402,7304,27,-5.6783321,119.7498101
1,BPS KAB. TAKALAR,bps7305@bps.go.id,-,403,7305,27,-5.4277743,119.438859
1,BPS KAB. GOWA,bps7306@bps.go.id,-,404,7306,27,-5.1993214,119.4534678
1,BPS KAB. SINJAI,bps7307@bps.go.id,-,405,7307,27,-5.1260807,120.2534065
1,BPS KAB. MAROS,bps7308@bps.go.id,-,406,7308,27,-5.0178062,119.5732987
1,BPS KAB. PANGKAJENE KEPULAUAN,bps7309@bps.go.id,-,407,7309,27,-4.8385316,119.5507491
1,BPS KAB. BARRU,bps7310@bps.go.id,-,408,7310,27,-4.4083023,119.6207427
1,BPS KAB. BONE,bps7311@bps.go.id,-,409,7311,27,-4.5387511,120.3079037
1,BPS KAB. SOPPENG,bps7312@bps.go.id,-,410,7312,27,-4.3659394,119.8989427
1,BPS KAB. WAJO,bps7313@bps.go.id,-,411,7313,27,-4.1291358,120.031833
1,BPS KAB. SIDENRENG RAPPANG,bps7314@bps.go.id,-,412,7314,27,-3.9233135,119.7935649
1,BPS KAB. PINRANG,bps7315@bps.go.id,-,413,7315,27,-3.790947,119.653312
1,BPS KAB. ENREKANG,bps7316@bps.go.id,-,414,7316,27,-3.5493843,119.7672325
1,BPS KAB. LUWU,bps7317@bps.go.id,-,415,7317,27,-3.3923335,120.3662737
1,BPS KAB. TANA TORAJA,bps7318@bps.go.id,-,416,7318,27,-3.0961216,119.8535268
1,BPS KAB. LUWU UTARA,bps7322@bps.go.id,-,417,7322,27,-2.5483574,120.3442155
1,BPS KAB. LUWU TIMUR,bps7325@bps.go.id,-,418,7325,27,-2.6136131,121.1223144
1,BPS KAB. TORAJA UTARA,bps7326@bps.go.id,-,419,7326,27,-2.9746404,119.8962829
1,BPS KOTA MAKASSAR,bps7371@bps.go.id,-,420,7371,27,-5.1458053,119.4308063
1,BPS KOTA PARE PARE,bps7372@bps.go.id,-,421,7372,27,-4.0333053,119.6313047
1,BPS KOTA PALOPO,bps7373@bps.go.id,-,422,7373,27,-2.9985985,120.187355
1,BPS KAB. BUTON,bps7401@bps.go.id,-,423,7401,28,-5.4841094,122.8483173
1,BPS KAB. MUNA,bps7402@bps.go.id,-,424,7402,28,-4.8399121,122.7237643
1,BPS KAB. KONAWE,bps7403@bps.go.id,-,425,7403,28,-3.8549832,122.0450585
1,BPS KAB. KOLAKA,bps7404@bps.go.id,-,426,7404,28,-4.0278022,121.7338335
1,BPS KAB. KONAWE SELATAN,bps7405@bps.go.id,-,427,7405,28,-4.3287059,122.2697696
1,BPS KAB. BOMBANA,bps7406@bps.go.id,-,428,7406,28,-4.7327152,122.0299804
1,BPS KAB. WAKATOBI,bps7407@bps.go.id,-,429,7407,28,-5.3436931,123.5497942
1,BPS KAB. KOLAKA UTARA,bps7408@bps.go.id,-,430,7408,28,-3.4957472,120.8861478
1,BPS KAB. BUTON UTARA,bps7409@bps.go.id,-,431,7409,28,-4.7816471,123.1835989
1,BPS KAB. KONAWE UTARA,bps7410@bps.go.id,-,432,7410,28,-3.5088105,122.1056686
1,BPS KAB. KOLAKA TIMUR,bps7411@bps.go.id,-,433,7411,28,-4.0018595,121.870058
1,BPS KAB. KONAWE KEPULAUAN,bps7412@bps.go.id,-,434,7412,28,-5.0143405,114.4574578
1,BPS KAB. MUNA BARAT,bps7413@bps.go.id,-,435,7413,28,-4.8399121,122.7237643
1,BPS KAB. BUTON TENGAH,bps7414@bps.go.id,-,436,7414,28,-5.4841094,122.8483173
1,BPS KAB. BUTON SELATAN,bps7415@bps.go.id,-,437,7415,28,-5.4841094,122.8483173
1,BPS KOTA KENDARI,bps7471@bps.go.id,-,438,7471,28,-3.9986358,122.522941
1,BPS KOTA BAU BAU,bps7472@bps.go.id,-,439,7472,28,-5.4626798,122.6016124
1,BPS KAB. BOALEMO,bps7501@bps.go.id,-,440,7501,29,0.5648162,122.336141
1,BPS KAB. GORONTALO,bps7502@bps.go.id,-,441,7502,29,0.5919832,123.0253494
1,BPS KAB. PAHUWATO,bps7503@bps.go.id,-,442,7503,29,0.4579199,121.9439414
1,BPS KAB. BONE BOLANGO,bps7504@bps.go.id,-,443,7504,29,0.5533169,123.1342681
1,BPS KAB. GORONTALO UTARA,bps7505@bps.go.id,-,444,7505,29,0.7965405,122.8786653
1,BPS KOTA GORONTALO,bps7571@bps.go.id,-,445,7571,29,0.5587443,123.0739881
1,BPS KAB. MAJENE,bps7601@bps.go.id,-,446,7601,30,-3.5620559,118.9376617
1,BPS KAB. POLEWALI MANDAR,bps7602@bps.go.id,-,447,7602,30,-3.4075388,119.3085774
1,BPS KAB. MAMASA,bps7603@bps.go.id,-,448,7603,30,-2.9494912,119.3712768
1,BPS KAB. MAMUJU,bps7604@bps.go.id,-,449,7604,30,-2.6802142,118.8831562
1,BPS KAB. PASANGKAYU,bps7605@bps.go.id,-,450,7605,30,-1.1797007,119.3661012
1,BPS KAB. MAMUJU TENGAH,bps7606@bps.go.id,-,451,7606,30,-2.3841384,119.0877141
1,BPS KAB. KEPULAUAN TANIMBAR,bps8101@bps.go.id,-,452,8101,31,-7.9747312,131.3112725
1,BPS KAB. MALUKU TENGGARA,bps8102@bps.go.id,-,453,8102,31,-5.6513577,132.739008
1,BPS KAB. MALUKU TENGAH,bps8103@bps.go.id,-,454,8103,31,-3.3041734,128.9616509
1,BPS KAB. BURU,bps8104@bps.go.id,-,455,8104,31,-3.233584,127.086017
1,BPS KAB. KEPULAUAN ARU,bps8105@bps.go.id,-,456,8105,31,-5.7723522,134.2144732
1,BPS KAB. SERAM BAGIAN BARAT,bps8106@bps.go.id,-,457,8106,31,-3.0793169,128.2105186
1,BPS KAB. SERAM BAGIAN TIMUR,bps8107@bps.go.id,-,458,8107,31,-3.0982402,130.4711803
1,BPS KAB. MALUKU BARAT DAYA,bps8108@bps.go.id,-,459,8108,31,-8.1579486,127.7886003
1,BPS KAB. BURU SELATAN,bps8109@bps.go.id,-,460,8109,31,-3.8425949,126.7324326
1,BPS KOTA AMBON,bps8171@bps.go.id,-,461,8171,31,-3.6638295,128.2247771
1,BPS KOTA TUAL,bps8172@bps.go.id,-,462,8172,31,-5.6513577,132.739008
1,BPS KAB. HALMAHERA BARAT,bps8201@bps.go.id,-,463,8201,32,1.0831876,127.4733971
1,BPS KAB. HALMAHERA TENGAH,bps8202@bps.go.id,-,464,8202,32,0.3295723,127.8583976
1,BPS KAB. KEPULAUAN SULA,bps8203@bps.go.id,-,465,8203,32,-2.1983814,126.0095771
1,BPS KAB. HALMAHERA SELATAN,bps8204@bps.go.id,-,466,8204,32,-0.6472899,127.5030471
1,BPS KAB. HALMAHERA UTARA,bps8205@bps.go.id,-,467,8205,32,1.7307977,127.9902753
1,BPS KAB. HALMAHERA TIMUR,bps8206@bps.go.id,-,468,8206,32,0.6835519,128.2857517
1,BPS KAB. PULAU MOROTAI,bps8207@bps.go.id,-,469,8207,32,2.0566476,128.3071212
1,BPS KAB. PULAU TALIABU,bps8208@bps.go.id,-,470,8208,32,-1.825744,125.1214564
1,BPS KOTA TERNATE,bps8271@bps.go.id,-,471,8271,32,0.7857105,127.3849141
1,BPS KOTA TIDORE KEPULAUAN,bps8272@bps.go.id,-,472,8272,32,0.663199,127.4482198
1,BPS KAB. FAK FAK,bps9101@bps.go.id,-,473,9101,33,-2.9276723,132.3027512
1,BPS KAB. KAIMANA,bps9102@bps.go.id,-,474,9102,33,-3.6418593,133.7403007
1,BPS KAB. TELUK WONDAMA,bps9103@bps.go.id,-,475,9103,33,-2.825035,134.53608
1,BPS KAB. TELUK BINTUNI,bps9104@bps.go.id,-,476,9104,33,-2.0923514,133.5066634
1,BPS KAB. MANOKWARI,bps9105@bps.go.id,-,477,9105,33,-0.8902002,134.0504605
1,BPS KAB. SORONG SELATAN,bps9106@bps.go.id,-,478,9106,33,-1.473946,132.0894729
1,BPS KAB. SORONG,bps9107@bps.go.id,-,479,9107,33,-1.1771506,131.6890027
1,BPS KAB. RAJA AMPAT,bps9108@bps.go.id,-,480,9108,33,-0.41184,130.8234843
1,BPS KAB. TAMBRAUW,bps9109@bps.go.id,-,481,9109,33,-6.3249684,106.6666453
1,BPS KAB. MAYBRAT,bps9110@bps.go.id,-,482,9110,33,-1.3655687,132.2940383
1,BPS KAB. MANOKWARI SELATAN,bps9111@bps.go.id,-,483,9111,33,-0.8624453,134.0626113
1,BPS KAB. PEGUNUNGAN ARFAK,bps9112@bps.go.id,-,484,9112,33,-1.6697561,132.6797821
1,BPS KOTA SORONG,bps9171@bps.go.id,-,485,9171,33,-0.8803552,131.2885325
1,BPS KAB. MERAUKE,bps9401@bps.go.id,-,486,9401,34,-8.5116578,140.4091634
1,BPS KAB. JAYAWIJAYA,bps9402@bps.go.id,-,487,9402,34,-4.0992374,138.9456582
1,BPS KAB. JAYAPURA,bps9403@bps.go.id,-,488,9403,34,-2.5740161,140.5960441
1,BPS KAB. NABIRE,bps9404@bps.go.id,-,489,9404,34,-3.3653831,135.5014038
1,BPS KAB. KEPULAUAN YAPEN,bps9408@bps.go.id,-,490,9408,34,-1.8724708,136.2375008
1,BPS KAB. BIAK NUMFOR,bps9409@bps.go.id,-,491,9409,34,-1.1723537,136.0905607
1,BPS KAB. PANIAI,bps9410@bps.go.id,-,492,9410,34,-3.9405163,136.4207266
1,BPS KAB. PUNCAK JAYA,bps9411@bps.go.id,-,493,9411,34,-3.7106069,137.9766821
1,BPS KAB. MIMIKA,bps9412@bps.go.id,-,494,9412,34,-4.5674083,136.8864328
1,BPS KAB. BOVEN DIGOEL,bps9413@bps.go.id,-,495,9413,34,-6.1177863,140.3284281
1,BPS KAB. MAPPI,bps9414@bps.go.id,-,496,9414,34,-6.5585258,139.2979358
1,BPS KAB. ASMAT,bps9415@bps.go.id,-,497,9415,34,-5.5351644,138.144932
1,BPS KAB. YAHUKIMO,bps9416@bps.go.id,-,498,9416,34,-4.8756875,139.4684375
1,BPS KAB PEGUNUNGAN BINTANG,bps9417@bps.go.id,-,499,9417,34,-4.9134922,140.6311939
1,BPS KAB. TOLIKARA,bps9418@bps.go.id,-,500,9418,34,-3.6831786,138.4744984
1,BPS KAB. SARMI,bps9419@bps.go.id,-,501,9419,34,-1.9824793,138.7128105
1,BPS KAB. KEEROM,bps9420@bps.go.id,-,502,9420,34,-2.8967539,140.7663303
1,BPS KAB. WAROPEN,bps9426@bps.go.id,-,503,9426,34,-2.2122404,136.4164565
1,BPS KAB. SUPIORI,bps9427@bps.go.id,-,504,9427,34,-0.7457096,135.7398242
1,BPS KAB. MAMBERAMO RAYA,bps9428@bps.go.id,-,505,9428,34,-1.9824793,138.7128105
1,BPS KAB. NDUGA,bps9429@bps.go.id,-,506,9429,34,-4.0358905,138.2915542
1,BPS KAB. LANNY JAYA,bps9430@bps.go.id,-,507,9430,34,-3.951297,138.3120105
1,BPS KAB. MAMBERAMO TENGAH,bps9431@bps.go.id,-,508,9431,34,-2.3593031,138.2922185
1,BPS KAB. YALIMO,bps9432@bps.go.id,-,509,9432,34,-3.7851269,139.4197561
1,BPS KAB. PUNCAK,bps9433@bps.go.id,-,510,9433,34,-3.8415752,137.8070662
1,BPS KAB. DOGIYAI,bps9434@bps.go.id,-,511,9434,34,-3.5505705,135.0805137
1,BPS KAB. INTAN JAYA,bps9435@bps.go.id,-,512,9435,34,-3.4243611,137.1363895
1,BPS KAB. DEIYAI,bps9436@bps.go.id,-,513,9436,34,-4.1298477,136.408159
1,BPS KOTA JAYAPURA,bps9471@bps.go.id,-,514,9471,34,5.558041747,95.32934907
1,BPS PROVINSI ACEH,bps1100@bps.go.id,-,515,1100,1,3.599246197,98.627942
1,BPS PROVINSI SUMATERA UTARA,bps1200@bps.go.id,-,516,1200,2,-0.915850301,100.359622
1,BPS PROVINSI SUMATERA BARAT,bps1300@bps.go.id,-,517,1300,3,0.509999258,101.454729
1,BPS PROVINSI RIAU,bps1400@bps.go.id,-,518,1400,4,-1.606509829,103.5830702
1,BPS PROVINSI JAMBI,bps1500@bps.go.id,-,519,1500,5,-2.974788908,104.7509357
1,BPS PROVINSI SUMATERA SELATAN,bps1600@bps.go.id,-,520,1600,6,-3.826668479,102.3036119
1,BPS PROVINSI BENGKULU,bps1700@bps.go.id,-,521,1700,7,-5.439693688,105.2546241
1,BPS PROVINSI LAMPUNG,bps1800@bps.go.id,-,522,1800,8,-2.157278593,106.1648016
1,BPS PROVINSI KEP. BANGKA BELITUNG,bps1900@bps.go.id,-,523,1900,9,0.91060027,104.4732879
1,BPS PROVINSI KEP. RIAU,bps2100@bps.go.id,-,524,2100,10,-6.193335013,106.852909
1,BPS PROVINSI DKI JAKARTA,bps3100@bps.go.id,-,525,3100,11,-6.898908899,107.6409889
1,BPS PROVINSI JAWA BARAT,bps3200@bps.go.id,-,526,3200,12,-6.992835157,110.4221922
1,BPS PROVINSI JAWA TENGAH,bps3300@bps.go.id,-,527,3300,13,-6.992835157,110.4221922
1,BPS PROVINSI DI YOGYAKARTA,bps3400@bps.go.id,-,528,3400,14,-7.809421644,110.3240924
1,BPS PROVINSI JAWA TIMUR,bps3500@bps.go.id,-,529,3500,15,-7.328964189,112.7457567
1,BPS PROVINSI BANTEN,bps3600@bps.go.id,-,530,3600,16,-6.17136645,106.1608349
1,BPS PROVINSI BALI,bps5100@bps.go.id,-,531,5100,17,-8.673947593,115.2443999
1,BPS PROVINSI NUSA TENGGARA BARAT,bps5200@bps.go.id,-,532,5200,18,-8.61911753,116.0836963
1,BPS PROVINSI NUSA TENGGARA TIMUR,bps5300@bps.go.id,-,533,5300,19,-10.16832186,123.5990057
1,BPS PROVINSI KALIMANTAN BARAT,bps6100@bps.go.id,-,534,6100,20,-0.045520479,109.3211687
1,BPS PROVINSI KALIMANTAN TENGAH,bps6200@bps.go.id,-,535,6200,21,-2.204430915,113.9185196
1,BPS PROVINSI KALIMANTAN SELATAN,bps6300@bps.go.id,-,536,6300,22,-3.462218082,114.81529
1,BPS PROVINSI KALIMANTAN TIMUR,bps6400@bps.go.id,-,537,6400,23,-0.480423884,117.1636687
1,BPS PROVINSI KALIMANTAN UTARA,bps6500@bps.go.id,-,538,6500,24,2.841060691,117.3627084
1,BPS PROVINSI SULAWESI UTARA,bps7100@bps.go.id,-,539,7100,25,1.467616448,124.8454191
1,BPS PROVINSI SULAWESI TENGAH,bps7200@bps.go.id,-,540,7200,26,-0.912015046,119.8909751
1,BPS PROVINSI SULAWESI SELATAN,bps7300@bps.go.id,-,541,7300,27,-5.148758086,119.4105516
1,BPS PROVINSI SULAWESI TENGGARA,bps7400@bps.go.id,-,542,7400,28,-4.022259185,122.5370006
1,BPS PROVINSI GORONTALO,bps7500@bps.go.id,-,543,7500,29,0.561949715,123.088681
1,BPS PROVINSI SULAWESI BARAT,bps7600@bps.go.id,-,544,7600,30,-2.686424455,118.8614001
1,BPS PROVINSI MALUKU,bps8100@bps.go.id,-,545,8100,31,-3.634505799,128.2491414
1,BPS PROVINSI MALUKU UTARA,bps8200@bps.go.id,-,546,8200,32,0.786017553,127.383166
1,BPS PROVINSI PAPUA BARAT,bps9100@bps.go.id,-,547,9100,33,-0.91826591,134.0382787
1,BPS PROVINSI PAPUA,bps9400@bps.go.id,-,548,9400,34,-2.535645716,140.7156938
